{"cameraMode":{"drawMode":0,"name":"Shaded","section":"Shading Mode"},"sceneLighting":true,"audioPlay":false,"sceneViewState":{"showFog":true,"showMaterialUpdate":false,"showSkybox":true,"showFlares":true,"showImageEffects":true,"showParticleSystems":true},"in2DMode":false,"pivot":{"x":288.1870422363281,"y":155.0965576171875,"z":92.69970703125},"rotation":{"x":-0.1370209902524948,"y":-0.2289840281009674,"z":0.03257473185658455,"w":-0.9631872773170471},"size":280.6875915527344,"orthographic":false}